PID,URL
,
6676002,https://www.aboutyou.it/p/etam/reggiseno-cherie-cherie-6676002
6676003,https://www.aboutyou.it/p/trendyol/abito-6676003
6676004,https://www.aboutyou.it/p/kendall-kylie/top-6676004
6676007,https://www.aboutyou.it/p/adidas-performance/maglietta-6676007
6676008,https://www.aboutyou.it/p/puma/pantaloni-sportivi-neymar-jr-creativity-6676008
6676009,https://www.aboutyou.it/p/raid/espadrillas-kyla-6676009
6676010,https://www.aboutyou.it/p/gang/jeans-faye-6676010
6676014,https://www.aboutyou.it/p/adidas-performance/maglietta-6676014
6676018,https://www.aboutyou.it/p/trendyol/pantaloni-6676018
6676019,https://www.aboutyou.it/p/trendyol/abito-6676019
6676020,https://www.aboutyou.it/p/bebo/sandalo-larsen-6676020
6676022,https://www.aboutyou.it/p/ellesse/top-6676022
6676029,https://www.aboutyou.it/p/raid/sandalo-ariya-6676029
6676030,https://www.aboutyou.it/p/trendyol/gonna-6676030
6676031,https://www.aboutyou.it/p/karo-kauer/maglia-extra-large-6676031
6676032,https://www.aboutyou.it/p/river-island-plus/camicia-da-donna-6676032
6676033,https://www.aboutyou.it/p/bebo/sandalo-larsen-6676033
6676039,https://www.aboutyou.it/p/asics/scarpa-sportiva-contend-gs-6676039
6676041,https://www.aboutyou.it/p/pilgrim/braccialetto-sincerity-6676041
6676042,https://www.aboutyou.it/p/kaffe/gonna-kalaranya-6676042
6676043,https://www.aboutyou.it/p/pilgrim/braccialetto-sincerity-6676043
6676044,https://www.aboutyou.it/p/trendyol/abito-da-cocktail-6676044
6676046,https://www.aboutyou.it/p/united-colors-of-benetton/maglietta-6676046
6676049,https://www.aboutyou.it/p/bebo/sandalo-con-cinturino-rashi-6676049
6676051,https://www.aboutyou.it/p/raid/sandalo-kimberley-6676051
6676052,https://www.aboutyou.it/p/roxy/top-the-love-party-6676052
6676053,https://www.aboutyou.it/p/cmp/sandalo-da-trekking-hamal-6676053
6676055,https://www.aboutyou.it/p/trendyol/abito-6676055
6676058,https://www.aboutyou.it/p/toms/slipper-alpargata-6676058
6676059,https://www.aboutyou.it/p/trendyol/abito-6676059
6676060,https://www.aboutyou.it/p/carvela-by-kurt-geiger/sandalo-kelly-6676060
6676065,https://www.aboutyou.it/p/roxy/bikini-free-to-go-6676065
6676068,https://www.aboutyou.it/p/united-colors-of-benetton/pantaloni-trousers-6676068
6676069,https://www.aboutyou.it/p/asics/scarpa-sportiva-upcourt-gs-6676069
6676070,https://www.aboutyou.it/p/staccato/pantaloni-6676070
6676071,https://www.aboutyou.it/p/marco-tozzi/sneaker-bassa-6676071
6676073,https://www.aboutyou.it/p/new-balance/sneaker-bassa-515-6676073
6676074,https://www.aboutyou.it/p/toms/sandalo-con-cinturino-sicily-6676074
6676078,https://www.aboutyou.it/p/rukka/maglia-trikot-ronn-6676078
6676079,https://www.aboutyou.it/p/nike/zaino-sportivo-utility-power-6676079
6676082,https://www.aboutyou.it/p/united-colors-of-benetton/giacchetta-l-s-cardigan-6676082
6676084,https://www.aboutyou.it/p/united-colors-of-benetton/giacchetta-6676084
6676085,https://www.aboutyou.it/p/macarena/sandalo-con-cinturino-carla11-ay-6676085
6676086,https://www.aboutyou.it/p/boss-casual/leggings-6676086
6676090,https://www.aboutyou.it/p/cotton-on/maglietta-6676090
6676092,https://www.aboutyou.it/p/adidas-originals/marsupio-6676092
6676093,https://www.aboutyou.it/p/asics/scarpa-sportiva-gt-1000-10-gs-6676093
6676094,https://www.aboutyou.it/p/united-colors-of-benetton/pantaloni-bermuda-6676094
6676095,https://www.aboutyou.it/p/polo-ralph-lauren/sneaker-bassa-6676095
6676096,https://www.aboutyou.it/p/ovs/pantaloni-6676096
6676097,https://www.aboutyou.it/p/american-eagle/pullover-6676097
6676098,https://www.aboutyou.it/p/toms/espadrillas-6676098
6676099,https://www.aboutyou.it/p/united-colors-of-benetton/pantaloni-chino-6676099
6676102,https://www.aboutyou.it/p/ellesse/maglietta-6676102
6676103,https://www.aboutyou.it/p/boss-casual/giacchetta-c-fanidalla-6676103
6676104,https://www.aboutyou.it/p/bogner-fire-ice/giacca-di-mezza-stagione-jon-6676104
6676106,https://www.aboutyou.it/p/ellesse/marsupio-lizoa-6676106
6676107,https://www.aboutyou.it/p/essentiel-antwerp/maglietta-6676107
6676113,https://www.aboutyou.it/p/american-eagle/gonna-con-pettorina-aline-6676113
6676114,https://www.aboutyou.it/p/ellesse/maglietta-meduno-6676114
6676115,https://www.aboutyou.it/p/boss-casual/pantaloni-c-ejoy1-active-6676115
6676117,https://www.aboutyou.it/p/puma/maglietta-neymar-jr-creativity-6676117
6676118,https://www.aboutyou.it/p/american-eagle/maglietta-6676118
6676119,https://www.aboutyou.it/p/scotch-soda/sneaker-bassa-celest-6676119
6676123,https://www.aboutyou.it/p/hailys/maglietta-6676123
6676131,https://www.aboutyou.it/p/kendall-kylie/abito-da-sera-6676131
6676132,https://www.aboutyou.it/p/asics/scarpa-sportiva-gel-noosa-tri-13-gs-6676132
6676135,https://www.aboutyou.it/p/karo-kauer/maglia-extra-large-6676135
6676136,https://www.aboutyou.it/p/scotch-soda/sneaker-bassa-celest-6676136
6676138,https://www.aboutyou.it/p/cream/kimono-bahia-6676138
6676139,https://www.aboutyou.it/p/cmp/sandalo-hamal-6676139
6676140,https://www.aboutyou.it/p/ellesse/giacca-di-felpa-giandoso-6676140
6676141,https://www.aboutyou.it/p/scotch-soda/sneaker-bassa-celest-6676141
6676143,https://www.aboutyou.it/p/saucony/scarpa-da-corsa-type-a9-6676143
6676145,https://www.aboutyou.it/p/billabong/pantaloncini-da-bagno-all-day-heritage-6676145
6676146,https://www.aboutyou.it/p/cinque/abito-camicia-cidanny-6676146
6676149,https://www.aboutyou.it/p/nu-in/abito-camicia-6676149
6676156,https://www.aboutyou.it/p/cmp/sandalo-sahiph-6676156
6676157,https://www.aboutyou.it/p/dr-martens/scarpa-stringata-coronado-6676157
6676158,https://www.aboutyou.it/p/lauren-ralph-lauren/camicia-da-donna-courtenay-6676158
6676161,https://www.aboutyou.it/p/liebeskind-berlin/portamonete-6676161
6676162,https://www.aboutyou.it/p/nu-in/felpa-6676162
6676165,https://www.aboutyou.it/p/noisy-may-curve/jeans-nmsmiley-6676165
6676166,https://www.aboutyou.it/p/herrlicher/top-ariadne-siro-6676166
6676172,https://www.aboutyou.it/p/nike-sportswear/giacca-di-mezza-stagione-6676172
6676174,https://www.aboutyou.it/p/mitchell-ness/maglietta-blown-out-fashion-6676174
6676177,https://www.aboutyou.it/p/pilgrim/orecchini-basha-6676177
6676178,https://www.aboutyou.it/p/nu-in/felpa-6676178
6676180,https://www.aboutyou.it/p/herrlicher/felpa-belicia-6676180
6676184,https://www.aboutyou.it/p/skechers/infradito-vinyasa-6676184
6676185,https://www.aboutyou.it/p/oakley/maglietta-6676185
6676191,https://www.aboutyou.it/p/herrlicher/maglietta-kendall-6676191
6676192,https://www.aboutyou.it/p/maloja/maglietta-fichtenreizkerm-6676192
6676215,https://www.aboutyou.it/p/pepe-jeans/jeans-james-6676215
6676218,https://www.aboutyou.it/p/maloja/maglietta-fichtenreizker-6676218
6676219,https://www.aboutyou.it/p/ragwear-plus/maglietta-sersey-6676219
6676222,https://www.aboutyou.it/p/puma/sneaker-bassa-cali-sport-wn-s-paisley-fs-6676222
6676223,https://www.aboutyou.it/p/herrlicher/felpa-carrie-6676223
6676224,https://www.aboutyou.it/p/glamorous-curve/abito-in-maglia-6676224
6676226,https://www.aboutyou.it/p/ellesse/felpa-rubinacci-6676226
6676227,https://www.aboutyou.it/p/trendyol/abito-estivo-6676227
6676228,https://www.aboutyou.it/p/shine-original/jeans-6676228
6676229,https://www.aboutyou.it/p/puma/sneaker-bassa-future-rider-double-paisley-6676229
6676230,https://www.aboutyou.it/p/pepe-jeans/maglietta-gary-6676230
6676231,https://www.aboutyou.it/p/pilgrim/braccialetto-sincerity-6676231
6676233,https://www.aboutyou.it/p/river-island-petite/maglietta-6676233
6676235,https://www.aboutyou.it/p/nike-sportswear/sneaker-bassa-nike-dunk-low-se-6676235
6676236,https://www.aboutyou.it/p/ragwear-plus/abito-tamila-6676236
6676238,https://www.aboutyou.it/p/ltb-love-to-be/jeans-adney-6676238
6676240,https://www.aboutyou.it/p/river-island-petite/maglietta-6676240
6676241,https://www.aboutyou.it/p/chillouts/cappello-rimini-6676241
6676243,https://www.aboutyou.it/p/antony-morato/jeans-dave-6676243
6676245,https://www.aboutyou.it/p/puma/sneaker-bassa-future-rider-double-re-gen-6676245
6676249,https://www.aboutyou.it/p/river-island-petite/maglietta-6676249
6676251,https://www.aboutyou.it/p/puma/sneaker-bassa-future-rider-double-paisley-6676251
6676252,https://www.aboutyou.it/p/scotch-soda/zoccoletto-frances-6676252
6676253,https://www.aboutyou.it/p/burton/felpa-mountain-6676253
6676255,https://www.aboutyou.it/p/abercrombie-fitch/jeans-6676255
6676257,https://www.aboutyou.it/p/river-island/slip-6676257
6676258,https://www.aboutyou.it/p/nike-sportswear/sneaker-bassa-nike-dunk-low-6676258
6676261,https://www.aboutyou.it/p/glamorous-curve/abito-6676261
6676262,https://www.aboutyou.it/p/lauren-ralph-lauren/maglietta-grieta-6676262
6676264,https://www.aboutyou.it/p/nike-sportswear/sneaker-bassa-nike-dunk-low-6676264
6676266,https://www.aboutyou.it/p/hailys/maglietta-lona-6676266
6676267,https://www.aboutyou.it/p/bdg-urban-outfitters/felpa-solar-wonder-6676267
6676268,https://www.aboutyou.it/p/vero-moda-petite/abito-estivo-6676268
6676270,https://www.aboutyou.it/p/tommy-jeans/jeans-scanton-6676270
6676272,https://www.aboutyou.it/p/river-island/felpa-6676272
6676273,https://www.aboutyou.it/p/puma/sneaker-bassa-cali-sport-wn-s-paisley-6676273
6676278,https://www.aboutyou.it/p/abercrombie-fitch/felpa-6676278
6676280,https://www.aboutyou.it/p/puma/sneaker-bassa-capri-paisley-6676280
6676281,https://www.aboutyou.it/p/camp-david/maglietta-6676281
6676283,https://www.aboutyou.it/p/jdy/camicia-da-donna-mina-6676283
6676284,https://www.aboutyou.it/p/trendyol/maglietta-6676284
6676286,https://www.aboutyou.it/p/hailys/maglietta-gina-6676286
6676288,https://www.aboutyou.it/p/river-island-plus/abito-6676288
6676290,https://www.aboutyou.it/p/ellesse/pantaloni-davin-6676290
6676291,https://www.aboutyou.it/p/river-island-petite/blazer-6676291
6676292,https://www.aboutyou.it/p/river-island-plus/leggings-6676292
6676293,https://www.aboutyou.it/p/nike/pantaloncini-intimi-sportivi-6676293
6676294,https://www.aboutyou.it/p/essentiel-antwerp/maglietta-zafari-6676294
6676295,https://www.aboutyou.it/p/casall/maglia-funzionale-6676295
6676298,https://www.aboutyou.it/p/karo-kauer/felpa-6676298
6676300,https://www.aboutyou.it/p/nike/scarpa-sportiva-metcon-6-6676300
6676302,https://www.aboutyou.it/p/dr-denim/felpa-dree-6676302
6676303,https://www.aboutyou.it/p/bugatti/sneaker-bassa-gante-6676303
6676304,https://www.aboutyou.it/p/river-island-petite/pantaloni-con-piega-frontale-kayla-6676304
6676307,https://www.aboutyou.it/p/someday/camicia-da-donna-zarbene-6676307
6676308,https://www.aboutyou.it/p/hailys/maglietta-cathy-6676308
6676310,https://www.aboutyou.it/p/hummel/scarpa-sportiva-reach-lx-600-6676310
6676312,https://www.aboutyou.it/p/chillouts/berretto-surrey-6676312
6676315,https://www.aboutyou.it/p/only-play/maglia-funzionale-franci-6676315
6676318,https://www.aboutyou.it/p/polo-ralph-lauren/felpa-6676318
6676321,https://www.aboutyou.it/p/trendyol/abito-estivo-6676321
6676322,https://www.aboutyou.it/p/adidas-performance/scarpa-da-corsa-galaxy-5-6676322
6676324,https://www.aboutyou.it/p/skechers/sneaker-jumpsters-6676324
6676326,https://www.aboutyou.it/p/varley/felpa-sportiva-6676326
6676335,https://www.aboutyou.it/p/mustang/sneaker-bassa-6676335
6676336,https://www.aboutyou.it/p/vero-moda/gonna-astimilo-6676336
6676337,https://www.aboutyou.it/p/trendyol/maglietta-6676337
6676338,https://www.aboutyou.it/p/lauren-ralph-lauren/tubino-brenda-6676338
6676341,https://www.aboutyou.it/p/salomon/scarpa-bassa-x-ultra-3-gtx-w-6676341
6676343,https://www.aboutyou.it/p/true-religion/maglietta-horseshoe-6676343
6676346,https://www.aboutyou.it/p/polo-ralph-lauren/sneaker-bassa-6676346
6676347,https://www.aboutyou.it/p/champion-authentic-athletic-apparel/scarpa-sportiva-jaunt-m-6676347
6676348,https://www.aboutyou.it/p/gap/body-a-maglietta-6676348
6676349,https://www.aboutyou.it/p/ellesse/pantaloni-bertoni-6676349
6676350,https://www.aboutyou.it/p/united-colors-of-benetton/giacchetta-6676350
6676351,https://www.aboutyou.it/p/river-island-plus/abito-6676351
6676353,https://www.aboutyou.it/p/adidas-performance/pantaloni-sportivi-6676353
6676361,https://www.aboutyou.it/p/dedicated/maglietta-visby-6676361
6676363,https://www.aboutyou.it/p/varley/felpa-sportiva-barton-6676363
6676364,https://www.aboutyou.it/p/united-colors-of-benetton/pullover-6676364
6676365,https://www.aboutyou.it/p/river-island/giacca-di-mezza-stagione-6676365
6676368,https://www.aboutyou.it/p/polo-ralph-lauren/felpa-6676368
6676369,https://www.aboutyou.it/p/adidas-performance/maglia-funzionale-summer-bckt-6676369
6676370,https://www.aboutyou.it/p/kaffe/maglietta-cika-6676370
6676371,https://www.aboutyou.it/p/liu-jo-jeans/maglietta-6676371
6676372,https://www.aboutyou.it/p/bdg-urban-outfitters/maglietta-eyelet-6676372
6676373,https://www.aboutyou.it/p/adidas-performance/pantaloni-don-rg-short-6676373
6676375,https://www.aboutyou.it/p/vaude/maglia-funzionale-kids-solaro-t-shirt-ii-6676375
6676376,https://www.aboutyou.it/p/casa-amuk/maglietta-6676376
6676377,https://www.aboutyou.it/p/polo-ralph-lauren/giacca-di-felpa-6676377
6676378,https://www.aboutyou.it/p/columbia/pantaloni-6676378
6676379,https://www.aboutyou.it/p/cinque/maglietta-dado-6676379
6676380,https://www.aboutyou.it/p/femme-luxe/body-a-maglietta-belle-6676380
6676381,https://www.aboutyou.it/p/toms/sneaker-bassa-carlo-6676381
6676384,https://www.aboutyou.it/p/river-island-plus/jeans-6676384
6676385,https://www.aboutyou.it/p/armani-exchange/sneaker-bassa-6676385
6676386,https://www.aboutyou.it/p/weekday/maglietta-6676386
6676387,https://www.aboutyou.it/p/cmp/sandalo-sahiph-6676387
6676390,https://www.aboutyou.it/p/tommy-hilfiger-curve/felpa-6676390
6676391,https://www.aboutyou.it/p/object/maglietta-6676391
6676392,https://www.aboutyou.it/p/cinque/maglietta-kara-6676392
6676394,https://www.aboutyou.it/p/boss-casual/felpa-elina-6676394
6676395,https://www.aboutyou.it/p/bugatti/sneaker-bassa-gante-6676395
6676396,https://www.aboutyou.it/p/ellesse/pantaloni-colino-6676396
6676397,https://www.aboutyou.it/p/lauren-ralph-lauren/tuta-jumpsuit-tatum-6676397
6676398,https://www.aboutyou.it/p/vero-moda/gonna-astimilo-6676398
6676399,https://www.aboutyou.it/p/american-eagle/maglietta-6676399
6676400,https://www.aboutyou.it/p/banana-republic/top-6676400
6676402,https://www.aboutyou.it/p/garcia/maglietta-6676402
6676405,https://www.aboutyou.it/p/ellesse/maglietta-fellion-6676405
6676409,https://www.aboutyou.it/p/nike-sportswear/maglietta-6676409
6676410,https://www.aboutyou.it/p/united-colors-of-benetton/maglietta-6676410
6676413,https://www.aboutyou.it/p/trendyol/maglietta-6676413
6676414,https://www.aboutyou.it/p/ellesse/maglietta-terracotta-6676414
6676415,https://www.aboutyou.it/p/gap/pigiama-6676415
6676417,https://www.aboutyou.it/p/ellesse/maglietta-fellion-6676417
6676420,https://www.aboutyou.it/p/casall/maglia-funzionale-6676420
6676423,https://www.aboutyou.it/p/nowadays/maglietta-6676423
6676424,https://www.aboutyou.it/p/garcia/jeans-6676424
6676425,https://www.aboutyou.it/p/trendyol/maglietta-6676425
6676426,https://www.aboutyou.it/p/american-eagle/gonna-ott-schiffli-6676426
6676428,https://www.aboutyou.it/p/oscar-jacobson/maglietta-barrol-6676428
6676429,https://www.aboutyou.it/p/gant/maglietta-6676429
6676430,https://www.aboutyou.it/p/hust-claire/maglietta-alisa-6676430
6676431,https://www.aboutyou.it/p/american-eagle/giacchetta-boxy-cardigan-6676431
6676432,https://www.aboutyou.it/p/kaffe/maglietta-cika-6676432
6676434,https://www.aboutyou.it/p/nowadays/felpa-6676434
6676435,https://www.aboutyou.it/p/lauren-ralph-lauren/camicia-da-donna-broono-6676435
6676437,https://www.aboutyou.it/p/united-colors-of-benetton/maglietta-6676437
6676438,https://www.aboutyou.it/p/nike/maglia-funzionale-6676438
6676442,https://www.aboutyou.it/p/femme-luxe/maglietta-allie-6676442
6676443,https://www.aboutyou.it/p/only-sons/maglietta-onsiason-6676443
6676444,https://www.aboutyou.it/p/lauren-ralph-lauren/abito-da-sera-agni-6676444
6676446,https://www.aboutyou.it/p/matinique/maglietta-jermalink-6676446
6676448,https://www.aboutyou.it/p/champion-authentic-athletic-apparel/pantaloni-sportivi-6676448
6676451,https://www.aboutyou.it/p/polo-ralph-lauren/giacca-di-mezza-stagione-6676451
6676462,https://www.aboutyou.it/p/matinique/camicia-matrostol-6676462
6676480,https://www.aboutyou.it/p/ellesse/maglietta-kershaw-6676480
6676481,https://www.aboutyou.it/p/trendyol/abito-6676481
6676483,https://www.aboutyou.it/p/banana-republic/maglietta-6676483
6676485,https://www.aboutyou.it/p/pieces/camicia-da-donna-lynwen-6676485
6676487,https://www.aboutyou.it/p/ellesse/maglietta-la-versa-6676487
6676489,https://www.aboutyou.it/p/femme-luxe/maglietta-allie-6676489
6676490,https://www.aboutyou.it/p/saucony/scarpa-da-corsa-guide-14-6676490
6676492,https://www.aboutyou.it/p/casall/top-sportivo-essential-6676492
6676493,https://www.aboutyou.it/p/only/top-kita-6676493
6676494,https://www.aboutyou.it/p/king-louie/abito-camicia-emmy-6676494
6676496,https://www.aboutyou.it/p/pulz-jeans/felpa-6676496
6676497,https://www.aboutyou.it/p/garcia/maglietta-6676497
6676498,https://www.aboutyou.it/p/dickies/pantaloni-6676498
6676499,https://www.aboutyou.it/p/melawear/maglietta-khira-6676499
6676502,https://www.aboutyou.it/p/british-knights/sneaker-bassa-raww-6676502
6676503,https://www.aboutyou.it/p/kaffe/tunica-amber-6676503
6676504,https://www.aboutyou.it/p/lauren-ralph-lauren/abito-albertine-6676504
6676505,https://www.aboutyou.it/p/cinque/maglietta-dado-6676505
6676507,https://www.aboutyou.it/p/nicce/cappello-da-baseball-6676507
6676512,https://www.aboutyou.it/p/polo-ralph-lauren/felpa-6676512
6676514,https://www.aboutyou.it/p/femme-luxe/camicia-da-donna-bria-6676514
6676515,https://www.aboutyou.it/p/opus/camicia-da-donna-fisabel-6676515
6676517,https://www.aboutyou.it/p/vera-mont/abito-da-sera-6676517
6676518,https://www.aboutyou.it/p/puma/pantaloni-neymar-jr-creativity-6676518
6676520,https://www.aboutyou.it/p/trendyol/abito-6676520
6676521,https://www.aboutyou.it/p/marc-o-polo-junior/felpa-6676521
6676522,https://www.aboutyou.it/p/hust-claire/pantaloni-timo-6676522
6676523,https://www.aboutyou.it/p/only-sons/maglietta-plaza-6676523
6676524,https://www.aboutyou.it/p/gina-tricot/felpa-alicia-6676524
6676528,https://www.aboutyou.it/p/casa-amuk/maglietta-waffle-6676528
6676529,https://www.aboutyou.it/p/lemon-beret/maglietta-6676529
6676530,https://www.aboutyou.it/p/trendyol/abito-6676530
6676531,https://www.aboutyou.it/p/lemon-beret/set-6676531
6676534,https://www.aboutyou.it/p/ellesse/pantaloni-davin-6676534
6676535,https://www.aboutyou.it/p/roxy/costume-intero-swim-lovers-6676535
6676536,https://www.aboutyou.it/p/hust-claire/maglietta-6676536
6676537,https://www.aboutyou.it/p/trendyol/abito-6676537
6676545,https://www.aboutyou.it/p/lemon-beret/leggings-6676545
6676550,https://www.aboutyou.it/p/lacoste/sneaker-bassa-powercourt-6676550
6676552,https://www.aboutyou.it/p/part-two/abito-camicia-chanias-6676552
6676563,https://www.aboutyou.it/p/marc-o-polo-junior/jeans-6676563
6676564,https://www.aboutyou.it/p/puma/pantaloni-sportivi-neymar-6676564
6676565,https://www.aboutyou.it/p/tom-tailor/maglietta-6676565
6676566,https://www.aboutyou.it/p/marc-o-polo-junior/felpa-6676566
6676569,https://www.aboutyou.it/p/staccato/pantaloni-6676569
6676571,https://www.aboutyou.it/p/river-island/abito-smock-6676571
6676573,https://www.aboutyou.it/p/river-island/top-bali-hanky-6676573
6676574,https://www.aboutyou.it/p/united-colors-of-benetton/pantaloni-6676574
6676575,https://www.aboutyou.it/p/vila/camicia-da-donna-silje-6676575
6676577,https://www.aboutyou.it/p/lemon-beret/set-6676577
6676579,https://www.aboutyou.it/p/hust-claire/tutina-body-per-bambino-billy-6676579
6676581,https://www.aboutyou.it/p/trendyol/abito-estivo-6676581
6676582,https://www.aboutyou.it/p/polo-ralph-lauren/maglietta-6676582
6676585,https://www.aboutyou.it/p/ellesse/maglietta-honorata-6676585
6676586,https://www.aboutyou.it/p/lemon-beret/maglietta-6676586
6676587,https://www.aboutyou.it/p/hust-claire/tutina-body-per-bambino-bati-6676587
6676592,https://www.aboutyou.it/p/hust-claire/tuta-miro-6676592
6676595,https://www.aboutyou.it/p/nu-in/camicia-da-donna-6676595
6676596,https://www.aboutyou.it/p/bdg-urban-outfitters/felpa-solar-wonder-6676596
6676597,https://www.aboutyou.it/p/hust-claire/maglietta-6676597
6676598,https://www.aboutyou.it/p/gap/pigiama-6676598
6676600,https://www.aboutyou.it/p/lemon-beret/maglietta-6676600
6676601,https://www.aboutyou.it/p/lemon-beret/pantaloni-6676601
6676602,https://www.aboutyou.it/p/trendyol/giacca-di-mezza-stagione-6676602
6676603,https://www.aboutyou.it/p/femme-luxe/maglietta-chloe-6676603
6676606,https://www.aboutyou.it/p/trendyol/maglietta-6676606
6676607,https://www.aboutyou.it/p/lemon-beret/pantaloni-6676607
6676610,https://www.aboutyou.it/p/puma/felpa-sportiva-neymar-6676610
6676613,https://www.aboutyou.it/p/hailys/maglietta-nia-6676613
6676614,https://www.aboutyou.it/p/polo-ralph-lauren/maglietta-6676614
6676615,https://www.aboutyou.it/p/marco-tozzi/decollete-6676615
6676617,https://www.aboutyou.it/p/puma/felpa-sportiva-neymar-6676617
6676618,https://www.aboutyou.it/p/chillouts/cappello-long-beach-6676618
6676619,https://www.aboutyou.it/p/lemon-beret/leggings-6676619
6676621,https://www.aboutyou.it/p/kids-only/jeans-6676621
6676622,https://www.aboutyou.it/p/staccato/gonna-6676622
6676623,https://www.aboutyou.it/p/ellesse/felpa-baz-oh-6676623
6676624,https://www.aboutyou.it/p/femme-luxe/maglietta-emma-6676624
6676625,https://www.aboutyou.it/p/raid/sandalo-con-cinturino-wink-6676625
6676626,https://www.aboutyou.it/p/polo-ralph-lauren/felpa-6676626
6676627,https://www.aboutyou.it/p/protest/pantaloncini-da-bagno-vegas-6676627
6676629,https://www.aboutyou.it/p/united-colors-of-benetton/maglietta-6676629
6676630,https://www.aboutyou.it/p/the-north-face/maglietta-reaxion-6676630
6676631,https://www.aboutyou.it/p/trendyol/tailleur-6676631
6676632,https://www.aboutyou.it/p/united-colors-of-benetton/maglietta-6676632
6676634,https://www.aboutyou.it/p/marco-tozzi/decollete-6676634
6676635,https://www.aboutyou.it/p/new-balance/sneaker-bassa-530-6676635
6676636,https://www.aboutyou.it/p/united-colors-of-benetton/maglietta-6676636
6676637,https://www.aboutyou.it/p/united-colors-of-benetton/maglietta-6676637
6676639,https://www.aboutyou.it/p/ellesse/felpa-toce-6676639
6676640,https://www.aboutyou.it/p/casall/reggiseno-sportivo-shiny-alligator-6676640
6676641,https://www.aboutyou.it/p/the-north-face/maglia-funzionale-6676641
6676642,https://www.aboutyou.it/p/roxy/abito-camicia-wake-up-darling-6676642
6676645,https://www.aboutyou.it/p/bdg-urban-outfitters/maglietta-6676645
6676647,https://www.aboutyou.it/p/vila/gonna-silje-6676647
6676648,https://www.aboutyou.it/p/lauren-ralph-lauren/maglietta-judy-6676648
6676650,https://www.aboutyou.it/p/glamorous-curve/jeans-6676650
6676651,https://www.aboutyou.it/p/soccx/maglietta-6676651
6676652,https://www.aboutyou.it/p/ellesse/maglietta-caciot-6676652
6676653,https://www.aboutyou.it/p/casall/pantaloni-sportivi-6676653
6676654,https://www.aboutyou.it/p/hailys/maglietta-almina-6676654
6676655,https://www.aboutyou.it/p/herrlicher/abito-cathrina-6676655
6676658,https://www.aboutyou.it/p/hummel/scarpa-sportiva-reach-lx-300-6676658
6676659,https://www.aboutyou.it/p/lmtd/leggings-nlfhailey-6676659
6676660,https://www.aboutyou.it/p/lauren-ralph-lauren/abito-furman-6676660
6676661,https://www.aboutyou.it/p/dockers-by-gerli/zoccoletto-6676661
6676662,https://www.aboutyou.it/p/opus/felpa-gulvas-6676662
6676663,https://www.aboutyou.it/p/casall/pantaloni-sportivi-essential-6676663
6676664,https://www.aboutyou.it/p/herrlicher/jeans-super-g-6676664
6676665,https://www.aboutyou.it/p/jdy/camicia-da-donna-liv-6676665
6676666,https://www.aboutyou.it/p/lemon-beret/pantaloni-6676666
6676667,https://www.aboutyou.it/p/nike-swim/pantaloncini-da-bagno-6676667
6676668,https://www.aboutyou.it/p/herrlicher/abito-lulo-6676668
6676669,https://www.aboutyou.it/p/columbia/maglietta-6676669
6676670,https://www.aboutyou.it/p/lauren-ralph-lauren/giacchetta-denzel-6676670
6676671,https://www.aboutyou.it/p/hailys/maglietta-seni-6676671
6676672,https://www.aboutyou.it/p/hust-claire/set-mella-6676672
6676673,https://www.aboutyou.it/p/herrlicher/abito-hema-6676673
6676675,https://www.aboutyou.it/p/ellesse/maglietta-kershaw-6676675
6676676,https://www.aboutyou.it/p/trendyol/camicia-da-donna-6676676
6676677,https://www.aboutyou.it/p/pieces/camicia-da-donna-lynwen-6676677
6676678,https://www.aboutyou.it/p/herrlicher/jeans-kabira-6676678
6676680,https://www.aboutyou.it/p/vero-moda/camicia-da-donna-debbie-6676680
6676681,https://www.aboutyou.it/p/salomon/scarpa-da-corsa-crossamphibian-swift-2-6676681
6676682,https://www.aboutyou.it/p/salomon/boots-outline-mid-gtx-w-6676682
6676683,https://www.aboutyou.it/p/bdg-urban-outfitters/maglietta-seamless-ballet-6676683
6676685,https://www.aboutyou.it/p/opus/maglietta-flinka-6676685
6676686,https://www.aboutyou.it/p/herrlicher/jeans-pitch-hi-6676686
6676687,https://www.aboutyou.it/p/adidas-originals/pantaloni-6676687
6676688,https://www.aboutyou.it/p/hust-claire/maglietta-6676688
6676689,https://www.aboutyou.it/p/ellesse/giacca-di-felpa-giandoso-6676689
6676690,https://www.aboutyou.it/p/femme-luxe/body-a-maglietta-belle-6676690
6676691,https://www.aboutyou.it/p/herrlicher/abito-annalena-6676691
6676693,https://www.aboutyou.it/p/saucony/scarpa-da-corsa-excursion-tr14-gtx-6676693
6676694,https://www.aboutyou.it/p/trendyol/maglietta-6676694
6676695,https://www.aboutyou.it/p/hust-claire/maglietta-6676695
6676696,https://www.aboutyou.it/p/lmtd/leggings-nlfhailey-6676696
6676697,https://www.aboutyou.it/p/herrlicher/gonna-ania-6676697
6676700,https://www.aboutyou.it/p/hust-claire/pantaloni-grunk-6676700
6676701,https://www.aboutyou.it/p/ellesse/pantaloni-zania-6676701
6676703,https://www.aboutyou.it/p/hummel/scarpa-sportiva-reach-lx-300-6676703
6676704,https://www.aboutyou.it/p/vero-moda/felpa-katya-6676704
6676705,https://www.aboutyou.it/p/herrlicher/abito-annalena-6676705
6676707,https://www.aboutyou.it/p/free-people/body-a-maglietta-100-ways-6676707
6676708,https://www.aboutyou.it/p/soccx/top-ta-mi-6676708
6676709,https://www.aboutyou.it/p/name-it/abito-nmfvaboss-spencer-6676709
6676710,https://www.aboutyou.it/p/name-it/maglietta-nbffelizia-6676710
6676713,https://www.aboutyou.it/p/herrlicher/tuta-jumpsuit-anelie-6676713
6676714,https://www.aboutyou.it/p/hust-claire/pantaloni-holme-6676714
6676717,https://www.aboutyou.it/p/name-it/abito-nkfvaboss-spencer-6676717
6676718,https://www.aboutyou.it/p/jdy/camicia-da-donna-mina-6676718
6676720,https://www.aboutyou.it/p/herrlicher/tunica-lulana-6676720
6676721,https://www.aboutyou.it/p/vila/camicia-da-donna-silje-6676721
6676723,https://www.aboutyou.it/p/lmtd/leggings-nlfhailey-6676723
6676724,https://www.aboutyou.it/p/hust-claire/abito-6676724
6676725,https://www.aboutyou.it/p/kendall-kylie/top-6676725
6676726,https://www.aboutyou.it/p/name-it/abito-spencer-6676726
6676728,https://www.aboutyou.it/p/street-one/maglietta-6676728
6676729,https://www.aboutyou.it/p/herrlicher/abito-hema-6676729
6676730,https://www.aboutyou.it/p/lemon-beret/pantaloni-6676730
6676731,https://www.aboutyou.it/p/pilgrim/orecchini-maggie-6676731
6676732,https://www.aboutyou.it/p/pilgrim/orecchini-maggie-6676732
6676734,https://www.aboutyou.it/p/roxy/top-fine-with-you-6676734
6676735,https://www.aboutyou.it/p/hust-claire/pantaloni-heja-6676735
6676736,https://www.aboutyou.it/p/pilgrim/orecchini-romina-6676736
6676737,https://www.aboutyou.it/p/name-it/abito-nbffora-spencer-6676737
6676738,https://www.aboutyou.it/p/pilgrim/collana-horizon-6676738
6676739,https://www.aboutyou.it/p/herrlicher/gonna-peri-6676739
6676740,https://www.aboutyou.it/p/pilgrim/gioiello-sincerity-6676740
6676741,https://www.aboutyou.it/p/name-it/gonna-nmfvaboss-6676741
6676742,https://www.aboutyou.it/p/name-it/maglietta-nmffefa-6676742
6676744,https://www.aboutyou.it/p/pilgrim/gioiello-sincerity-6676744
6676745,https://www.aboutyou.it/p/pilgrim/orecchini-romina-6676745
6676746,https://www.aboutyou.it/p/pilgrim/gioiello-sincerity-6676746
6676747,https://www.aboutyou.it/p/hust-claire/felpa-stan-6676747
6676748,https://www.aboutyou.it/p/lmtd/maglietta-nlmfortnite-flynn-6676748
6676749,https://www.aboutyou.it/p/pilgrim/braccialetto-horizon-6676749
6676750,https://www.aboutyou.it/p/herrlicher/gonna-ania-6676750
6676752,https://www.aboutyou.it/p/pilgrim/anello-horizon-6676752
6676753,https://www.aboutyou.it/p/pilgrim/anello-horizon-6676753
6676755,https://www.aboutyou.it/p/pilgrim/anello-cherished-6676755
6676756,https://www.aboutyou.it/p/herrlicher/abito-camicia-morina-6676756
6676757,https://www.aboutyou.it/p/lemon-beret/maglietta-6676757
6676758,https://www.aboutyou.it/p/pilgrim/anello-cherished-6676758
6676759,https://www.aboutyou.it/p/name-it/maglietta-fanol-6676759
6676760,https://www.aboutyou.it/p/lmtd/maglietta-nlmfortnite-flynn-6676760
6676761,https://www.aboutyou.it/p/herrlicher/jeans-pitch-6676761
6676763,https://www.aboutyou.it/p/gap/abito-6676763
6676765,https://www.aboutyou.it/p/sense-organics/maglietta-luna-6676765
6676767,https://www.aboutyou.it/p/herrlicher/abito-ania-6676767
6676768,https://www.aboutyou.it/p/pilgrim/collana-sincerity-6676768
6676769,https://www.aboutyou.it/p/gina-tricot/body-a-maglietta-6676769
6676770,https://www.aboutyou.it/p/sense-organics/tutina-body-per-bambino-ygon-6676770
6676771,https://www.aboutyou.it/p/herrlicher/pantaloni-chino-lovely-6676771
6676773,https://www.aboutyou.it/p/sense-organics/tutina-body-per-bambino-wayan-6676773
6676774,https://www.aboutyou.it/p/sense-organics/tutina-body-per-bambino-akela-6676774
6676775,https://www.aboutyou.it/p/sense-organics/tutina-body-per-bambino-akela-6676775
6676776,https://www.aboutyou.it/p/herrlicher/gonna-ania-6676776
6676777,https://www.aboutyou.it/p/sense-organics/tutina-body-per-bambino-yvon-6676777
6676778,https://www.aboutyou.it/p/sense-organics/tutina-body-per-bambino-ygon-6676778
6676780,https://www.aboutyou.it/p/sense-organics/tutina-body-per-bambino-yvon-6676780
6676781,https://www.aboutyou.it/p/nike-sportswear/maglietta-6676781
6676782,https://www.aboutyou.it/p/american-eagle/maglietta-6676782
6676783,https://www.aboutyou.it/p/herrlicher/camicia-da-donna-marini-6676783
6676784,https://www.aboutyou.it/p/name-it/jeans-6676784
6676785,https://www.aboutyou.it/p/nike-sportswear/sneaker-valiant-6676785
6676786,https://www.aboutyou.it/p/vero-moda-curve/abito-heli-6676786
6676787,https://www.aboutyou.it/p/vans/scarpa-slip-on-6676787
6676788,https://www.aboutyou.it/p/sense-organics/pantaloni-karli-6676788
6676789,https://www.aboutyou.it/p/herrlicher/jeans-piper-6676789
6676790,https://www.aboutyou.it/p/siksilk/maglietta-6676790
6676791,https://www.aboutyou.it/p/sense-organics/tutina-body-per-bambino-valo-6676791
6676792,https://www.aboutyou.it/p/siksilk/maglietta-6676792
6676794,https://www.aboutyou.it/p/siksilk/maglietta-6676794
6676795,https://www.aboutyou.it/p/siksilk/maglietta-6676795
6676796,https://www.aboutyou.it/p/herrlicher/abito-da-sera-ania-6676796
6676797,https://www.aboutyou.it/p/siksilk/maglietta-6676797
6676798,https://www.aboutyou.it/p/siksilk/maglietta-6676798
6676799,https://www.aboutyou.it/p/siksilk/camicia-6676799
6676800,https://www.aboutyou.it/p/siksilk/maglietta-6676800
6676801,https://www.aboutyou.it/p/siksilk/maglietta-6676801
6676803,https://www.aboutyou.it/p/kaffe-curve/abito-kcfiella-6676803
6676804,https://www.aboutyou.it/p/siksilk/maglietta-6676804
6676805,https://www.aboutyou.it/p/nicce/marsupio-kreed-6676805
6676806,https://www.aboutyou.it/p/river-island-petite/abito-6676806
6676807,https://www.aboutyou.it/p/sense-organics/tutina-body-per-bambino-valo-6676807
6676808,https://www.aboutyou.it/p/river-island-petite/jeans-molly-6676808
6676809,https://www.aboutyou.it/p/polo-ralph-lauren/sneaker-bassa-sayer-6676809
6676810,https://www.aboutyou.it/p/hummel/scarpa-sportiva-reach-lx-600-6676810
6676812,https://www.aboutyou.it/p/cmp/maglia-funzionale-6676812
6676813,https://www.aboutyou.it/p/river-island-petite/jeans-6676813
6676814,https://www.aboutyou.it/p/superga/sneaker-bassa-6676814
6676815,https://www.aboutyou.it/p/bjorn-borg/sneaker-l300-6676815
6676817,https://www.aboutyou.it/p/river-island-petite/blazer-dad-6676817
6676819,https://www.aboutyou.it/p/converse/sneaker-ctas-ox-6676819
6676821,https://www.aboutyou.it/p/esprit-maternity/jeans-otb-straight-6676821
6676822,https://www.aboutyou.it/p/converse/sneaker-alta-chuck-taylor-all-star-6676822
6676823,https://www.aboutyou.it/p/river-island-petite/leggings-cycle-short-6676823
6676824,https://www.aboutyou.it/p/sense-organics/maglietta-luna-6676824
6676826,https://www.aboutyou.it/p/river-island-petite/abito-6676826
6676827,https://www.aboutyou.it/p/river-island-petite/pantaloni-jenny-ponte-pleat-joggers-6676827
6676828,https://www.aboutyou.it/p/nicce/zaino-6676828
6676829,https://www.aboutyou.it/p/skechers/sneaker-magna-lights-bozler-6676829
6676830,https://www.aboutyou.it/p/river-island-petite/jeans-molly-mid-rise-6676830
6676831,https://www.aboutyou.it/p/river-island-petite/jeans-petite-long-slim-bleach-out-6676831
6676832,https://www.aboutyou.it/p/polo-ralph-lauren/sneaker-bassa-6676832
6676834,https://www.aboutyou.it/p/ellesse/maglietta-terracotta-6676834
6676835,https://www.aboutyou.it/p/the-north-face/giacca-di-mezza-stagione-w-gosei-6676835
6676838,https://www.aboutyou.it/p/comma/gonna-6676838
6676839,https://www.aboutyou.it/p/ellesse/maglia-trikot-polia-6676839
6676841,https://www.aboutyou.it/p/trendyol/abito-6676841
6676842,https://www.aboutyou.it/p/hummel/scarpa-sportiva-reach-lx-600-6676842
6676846,https://www.aboutyou.it/p/polo-ralph-lauren/sneaker-bassa-6676846
6676848,https://www.aboutyou.it/p/peuterey/cappotto-di-mezza-stagione-cold-mx-6676848
6676849,https://www.aboutyou.it/p/rains/giacca-di-mezza-stagione-6676849
6676852,https://www.aboutyou.it/p/ellesse/felpa-thierry-oh-6676852
6676855,https://www.aboutyou.it/p/siksilk/sneaker-bassa-6676855
6676857,https://www.aboutyou.it/p/trendyol/abito-6676857
6676858,https://www.aboutyou.it/p/bdg-urban-outfitters/pullover-fluffy-ballet-wrap-6676858
6676860,https://www.aboutyou.it/p/mustang/sneaker-bassa-6676860
6676868,https://www.aboutyou.it/p/nike-sportswear/giacca-di-felpa-repeat-6676868
6676870,https://www.aboutyou.it/p/trendyol/gonna-6676870
6676878,https://www.aboutyou.it/p/hugo/blazer-asiras-6676878
6676880,https://www.aboutyou.it/p/abercrombie-fitch/felpa-script-6676880
6676883,https://www.aboutyou.it/p/trendyol/pantaloni-con-piega-frontale-6676883
6676885,https://www.aboutyou.it/p/opus/maglietta-safeda-6676885
6676887,https://www.aboutyou.it/p/skechers/sneaker-flex-glow-taren-6676887
6676889,https://www.aboutyou.it/p/polo-ralph-lauren/pantaloni-6676889
6676890,https://www.aboutyou.it/p/jdy/pantaloni-jdystaar-life-pant-wvn-6676890
6676896,https://www.aboutyou.it/p/skechers/sneaker-shark-bots-surf-patrol-6676896
6676900,https://www.aboutyou.it/p/trendyol/abito-estivo-6676900
6676903,https://www.aboutyou.it/p/polo-ralph-lauren/sneaker-bassa-thorton-6676903
6676905,https://www.aboutyou.it/p/ellesse/maglietta-terracotta-6676905
6676907,https://www.aboutyou.it/p/pepe-jeans/pantaloni-balboa-6676907
6676909,https://www.aboutyou.it/p/opus/maglietta-ilayda-6676909
6676911,https://www.aboutyou.it/p/element/felpa-sportiva-6676911
6676913,https://www.aboutyou.it/p/jdy/pantaloni-jdystaar-life-6676913
6676920,https://www.aboutyou.it/p/ragwear/giacca-di-mezza-stagione-griss-6676920
6676921,https://www.aboutyou.it/p/trendyol/abito-da-sera-smart-dress-6676921
6676923,https://www.aboutyou.it/p/trendyol/pantaloni-6676923
6676927,https://www.aboutyou.it/p/trendyol/abito-6676927
6676930,https://www.aboutyou.it/p/vero-moda/pantaloni-con-pieghe-vmastimilo-6676930
6676932,https://www.aboutyou.it/p/vero-moda/pantaloni-vmastimilo-6676932
6676935,https://www.aboutyou.it/p/trendyol/abito-camicia-6676935
6676938,https://www.aboutyou.it/p/trendyol/abito-estivo-6676938
6676939,https://www.aboutyou.it/p/trendyol/abito-6676939
6676943,https://www.aboutyou.it/p/ichi/pantaloni-6676943
6676947,https://www.aboutyou.it/p/pimkie/gonna-k-volant-6676947
6676956,https://www.aboutyou.it/p/hugo/pantaloni-con-piega-frontale-hilesa-6676956
6676964,https://www.aboutyou.it/p/trendyol/gonna-6676964
6676965,https://www.aboutyou.it/p/ichi/abito-6676965
6676973,https://www.aboutyou.it/p/femme-luxe/camicia-da-donna-flo-6676973
6676977,https://www.aboutyou.it/p/trendyol/abito-6676977
6676980,https://www.aboutyou.it/p/suncoo/camicia-da-donna-livia-6676980
6676986,https://www.aboutyou.it/p/only/gonna-6676986
6676988,https://www.aboutyou.it/p/boss-casual/pullover-c-fillallon-6676988
6676989,https://www.aboutyou.it/p/american-eagle/abito-estivo-kelsey-strappy-babyboll-6676989
6676061,https://www.aboutyou.it/p/asics/scarpa-sportiva-upcourt-gs-6676061
6676383,https://www.aboutyou.it/p/saucony/sneaker-bassa-jazz-6676383
6676407,https://www.aboutyou.it/p/street-one/abito-6676407
6676447,https://www.aboutyou.it/p/street-one/maglietta-6676447
6676580,https://www.aboutyou.it/p/jack-jones-junior/pantaloncini-intimi-charles-6676580
6676594,https://www.aboutyou.it/p/reima/pantaloncini-da-bagno-6676594
6676712,https://www.aboutyou.it/p/street-one/camicia-da-donna-6676712
6676840,https://www.aboutyou.it/p/skechers/sneaker-6676840
6676941,https://www.aboutyou.it/p/cartoon/abito-6676941
